{"factorial_with_one_tread": 11.663780770000812, "factorial_with_tread_pool": 39.39329039900076, "factorial_with_multip_pool": 3.2461241639994114, "factorial_with_multip_process": 15.732367618000353}